bm25,basic,hyDE,synonym,crossEncoder
0.7583617528333397,0.7110454003495108,0.7357182854770997,0.7187754375445266,0.7657979030596938
0.8455691171658214,0.8137856409723907,0.8254277492741967,0.8159609268757002,0.8488431499343053
1.0,1.0,1.0,0.8400000000000001,1.0
1.0,0.95,0.95,0.9199999999999999,1.0
0.9139002267573696,0.9353086419753087,0.9220458553791888,0.8241093474426808,0.9323192239858906
0.931566515495087,0.8908856135046612,0.9359435626102293,0.8734404132023179,0.9475088183421516
