original_1000,synopsis,synopsis_ja,summary,summary_ja,split_1000
0.5543846830055494,0.40092723429082844,0.4162485149792718,0.41364340783962794,0.41538030472297777,0.5214003748181234
0.6226998846190612,0.4776426498486193,0.4939118988659945,0.4875851321241885,0.485179103121192,0.6059934961552205
0.825,0.8,0.625,0.7,0.6,0.8333333333333334
0.7625,0.6599999999999999,0.6125,0.5833333333333333,0.5666666666666667,0.8166666666666668
0.7931834215167548,0.8978483245149912,0.6019312169312169,0.8860218253968254,0.6076851851851852,0.7179839065255732
0.8488029100529101,0.8072971781305114,0.6798904006046863,0.7855009920634921,0.6481169690098261,0.837973434744268
