original,split
0.7110454003495108,0.6835853477812425
0.8137856409723907,0.790146965992938
1.0,0.8666666666666666
0.95,0.9333333333333332
0.9353086419753087,0.8605555555555554
0.8908856135046612,0.8538416477702192
